Need to Act Fast,,,
,Definition,Ex,C-Ex
"To act, sure of importance & ability to make impact",,,
Peltzman effect,People take greater risks when safety measures reduce perceived danger.,"After buying a helmet, he cycled faster through traffic-filled downtown streets.
 Drivers sped more once anti-lock brakes made them feel safer.
 She texted while walking because sidewalks now had protective railings.
 Wearing masks, partygoers ignored distancing rules at crowded indoor events.
 Insurance coverage encouraged riskier skiing on unfamiliar, icy mountain slopes.","After installing airbags, a driver becomes more cautious, not reckless.
A cyclist wears a helmet and also slows down in traffic.
A student studies harder even though the exam is open-book."
Risk compensation,"People adjust behavior, increasing risk, when they feel more protected.","He jaywalked more after installing a pedestrian safety app.
 Students studied less once open-book exams were announced.
 She invested aggressively after receiving a guaranteed minimum return.
 Cyclists rode closer to cars because bike lanes felt protective.
 Vaccinated travelers ignored hygiene practices during long international flights.","Someone with health insurance still avoids risky activities.
A swimmer wearing a life jacket stays close to shore.
A worker with safety gear follows rules more carefully."
Effort justification,People value outcomes more when significant effort was previously invested.,"After weeks rehearsing, she insisted the mediocre play was brilliant.
 He defended exhausting bootcamp, claiming it completely changed his life.
 They praised bland food because reservations were hard to secure.
 She glorified her major after surviving extremely demanding entrance exams.
 He valued overpriced furniture because he assembled it himself.","After weeks on a project, a student admits it wasnât worth the time.
Someone quits a hard hobby because it no longer brings joy.
A person returns an expensive item even after researching it extensively."
Trait ascription bias,"Assuming others'behaviors reflect traits, while ours reflect situational factors.","He called her lazy, ignoring she worked double shifts yesterday.
 She labeled him rude, overlooking his exhausting overnight hospital shift.
 They assumed incompetence instead of recognizing confusing project instructions.
 I blamed his personality, not the impossible deadline pressure.
 She judged classmates arrogant, ignoring language barriers.","You notice your friend snapped because they were stressed, not rude.
You admit your mistake was due to carelessness, not bad luck.
You assume a stranger was late because of traffic."
Defensive attribution hypothesis,Blaming victims less when we identify with their situation.,"Drivers blamed poor visibility rather than the cyclist after imagining themselves trying to spot a bike in dark, rainy traffic.
 Students excused cheating when remembering their own academic pressure.
 Workers defended injured colleagues, recalling similar workplace hazards.
 Drivers blamed weather after picturing themselves in icy conditions.
 Parents sympathized with mistakes once imagining their own exhausted evenings.","You blame a reckless driver even though you also drive.
You admit a victim made poor choices despite sharing their background.
You acknowledge responsibility could apply to anyone."
Fundamental attribution error,Overemphasizing personality while underestimating situational influences on others'behavior.,"She called him unreliable, ignoring subway delays during heavy storms.
 They blamed laziness instead of confusing workplace expectations.
 I assumed arrogance, overlooking her public speaking anxiety.
 He judged incompetence without noticing broken software systems.
 Teachers blamed effort, ignoring chaotic home environments.","You realize a cashier seemed rude because they were overwhelmed.
You consider workload before judging a coworkerâs performance.
You excuse a classmateâs silence as shyness or fatigue."
Actor-observer bias,"Explaining our actions situationally, others'actions dispositionally.","I blamed traffic; he blamed my irresponsibility for being late.
 She cited workload; coworkers cited her poor organization.
 He excused anger as stress; friends called him aggressive.
 I blamed noise; neighbors blamed my temperament.
 She blamed illness; teachers blamed motivation.","You admit you failed because you didnât prepare enough.
You say a friend missed class due to family issues.
You take responsibility for arriving late."
Self-serving bias,"Attributing successes internally, failures externally, to protect self-esteem.","He credited talent for promotion, blamed coworkers for project failure.
 She praised her skills after winning, blamed unfair judges afterward.
 I took credit for teamwork, blamed software for errors.
 They celebrated strategy, blamed weather for losses.
 She owned praise but blamed traffic for lateness.","You credit teamwork for success.
You accept personal blame for a failed presentation.
You admit poor planning caused your mistake."
Lake Wobegone effect,Most people believe they are above average on positive traits.,"Most drivers think theyâre safer and more skilled than average, even after speeding tickets or near-misses.
 Students often believe they work harder than classmates, despite similar grades and study habits across the class.
 Employees rate their own cooperation highly, while quietly blaming group problems on everyone else.
 People assume theyâre kinder than most strangers, even when they ignore small chances to help
 Parents usually feel theyâre better caregivers than average, overlooking how common their struggles actually are.","You realistically rate yourself as average at math.
You admit others are better musicians than you.
You recognize classmates outperform you academically."
Illusory superiority,Overestimating one's abilities relative to others.,"He believed his singing outperformed classmates without any formal training.
 She assumed superior multitasking despite frequent missed deadlines.
 Drivers claimed exceptional reflexes after minor near-misses.
 Students predicted top scores before seeing practice results.
 Entrepreneurs overvalued ideas despite limited market research.","You accept your driving skills are ordinary.
You acknowledge someone else speaks better English.
You recognize your limitations in sports."
Hard-easy effect,"Overconfidence on hard tasks, underconfidence on easy tasks.","He predicted high exam scores on hardest section, missed basics.
 She doubted simple puzzles but boasted complex reasoning abilities.
 Traders underestimated routine profits but overestimated the gain from risky strategies.
 Students didn't work on easy problems because they thought the easy ones were as hard as the hard questions
 Athletes underestimated warmups but overestimated championship performance.","You feel confident about easy homework.
You doubt yourself before a very hard exam.
You correctly predict which tasks will be difficult."
Dunning-Kruger effect,Low ability causes overconfidence due to poor self-assessment skills.,"Beginner musicians dismissed lessons while criticizing professional performers.
 New coders claimed mastery after finishing one tutorial.
 Inexperienced debaters felt unbeatable after first competition.
 Novice investors ignored advice, trusting gut instincts.
 Early learners lectured experts confidently.","A beginner admits they know very little.
A novice asks many questions.
Someone new seeks feedback instead of bragging."
False consesnsus effect,Overestimating how much others share our beliefs and behaviors.,"He assumed everyone disliked group projects as much as he did.
 She believed classmates supported her opinion automatically.
 Voters expected friends'preferences matched their own attitudes.
 Managers thought employees agreed with new policies.
 Students assumed peers studied similarly.","You realize your opinion is unpopular.
You accept others think differently.
You donât assume friends share your political views."
Illusion of control,Believing we influence outcomes actually determined by chance.,"Choosing specific lottery numbers because they âfeel lucky.â
 Throwing dice harder or softer to try to control the result.
 Picking a particular slot machine, believing itâs âdueâ to pay out.
 Shuffling cards in a special way, thinking it improves your hand.
 Selecting a roulette color based on a personal ritual.","You accept lottery results are pure chance.
You know pressing elevator buttons doesnât speed it up.
You recognize weather canât be controlled."
Barnum effect,Accepting vague personality descriptions as uniquely accurate.,"Horoscope readings felt deeply personal despite universal phrasing.
 She believed personality quizzes described her perfectly.
 Students embraced generic fortune-telling feedback.
 Clients accepted broad therapy statements.
 Employees related to generalized leadership profiles.","You dismiss vague horoscope descriptions.
You notice personality statements apply to everyone.
You demand specific evidence."
Forer effect,Believing general statements specifically describe oneself.,"Participants rated identical personality sheets highly personalized.
 She trusted generic career predictions.
 âYou sometimes doubt your decisions, but value independence.â â âThatâs exactly me.â
 Workshop attendees praised universal feedback.
 Users accepted broad self-help descriptions.","You reject generic personality quizzes.
You question fortune-telling claims.
You recognize broad statements arenât personal."
Third-person effect,Believing media affects others more than oneself.,"He thought ads manipulated others, not his own buying habits.
 She blamed misinformation on gullible classmates.
 Parents feared screens corrupt children, not themselves.
 Students claimed propaganda fooled peers.
 A voter insists campaign ads donât affect their own views because they âthink critically.""","You admit ads influence your buying choices.
You realize social media affects you too.
You notice news headlines shape your opinions."
Social desirability bias,Answering to appear socially acceptable rather than truthful.,"Survey respondents overstated volunteering hours.
 Students denied cheating behaviors.
 Employees exaggerated teamwork contributions.
 Participants underreported unhealthy habits.
 Interviewees claimed eco-friendly lifestyles.","You honestly admit you didnât recycle.
You report real feelings on a survey.
You confess mistakes publicly."
Optimism bias,Expecting positive outcomes while underestimating likelihood of negative events.,"He assumed deadlines would magically work out.
 She ignored illness risks before traveling.
 Students expected easy finals.
 Drivers believed accidents would never happen on them.
 Entrepreneurs underestimated startup failure rates.","You prepare for worst-case scenarios.
You buy travel insurance.
You expect challenges in a new job."
Egocentric bias,Overestimating our contribution and perspective in shared experiences.,"He believed group success mostly came from his ideas.
 She remembered arguments from her viewpoint only.
 Teammates overstated personal effort.
 Partners recalled chores unevenly.
 Students thought they dominated discussions.","You acknowledge others did most of the group work.
You credit teammates for success.
You accept your memory may be inaccurate."
Overconfidence effect,Excessive confidence in accuracy of judgments and abilities.,,"You double-check your answers.
You ask experts for advice.
You admit uncertainty."
Favor the relatable thing in front of us,,,
Identifiable victim effect,People help specific visible individuals more than anonymous statistical victims.,"She donated instantly after seeing one injured puppy on social media.
 He ignored disaster statistics but paid hospital bills for one neighbor.
 Students fundraised harder after meeting a single affected classmate.
 Viewers cried for one refugee child, ignoring thousands displaced.
 Volunteers rallied once hearing one survivors personal story.","You donate equally to anonymous charities.
You help based on statistics, not faces.
You support large-scale relief efforts."
Appeal to novelty,Preferring new options simply because they seem fresh or innovative.,"He bought the newest phone despite perfectly working old model.
 Students tried flashy apps instead of proven study methods.
 Managers adopted trendy frameworks without evidence.
 She ordered experimental drinks over reliable favorites.
 Investors chased newest startups blindly.","You choose an older product because it works better.
You keep proven study methods.
You reject flashy but ineffective apps."
Hyperbolic discounting,Preferring immediate rewards over larger delayed benefits irrationally.,"He chose gaming tonight instead of studying for future scholarships.
 She spent savings now rather than investing for retirement.
 Students skipped homework for instant social media scrolling.
 Speeding to save minutes even when accidents could occur
 Workers cashed bonuses immediately.","You save money instead of buying gadgets.
You study now for future success.
You delay dessert for health."
Favor completing when  time & energy invested,,,
Backfire effect,Contradictory evidence strengthens existing beliefs instead of changing them.,"Facts about vaccines made him more resistant.
 A voter is shown verified facts disproving their candidateâs claim â and becomes even more loyal, calling the sources biased.Climate data hardened denial.
 A skeptic sees scientific data about rising temperatures but doubles down, saying scientists exaggerate for funding.
 When presented with official documents disproving a conspiracy, believers argue the documents are part of the cover-up.
 A student receives evidence their answer is wrong, yet insists the teacher misunderstood and defends their original reasoning more aggressively.","You change your opinion after seeing strong evidence.
You admit you were wrong.
You update beliefs when presented with facts."
Endowment effect,Valuing owned objects more than identical unowned objects.,"He overpriced his used laptop because ownership made it feel more valuable than market alternatives.
 Someone refuses to sell a mug they own for $5, despite originally paying only $2 for it.
 Students demanded more money for books they owned than they would pay to borrow identical copies.
  Homeowners often inflate their houseâs value simply because it belongs to them personally.
  Collectors rejected fair trades because giving up owned items felt like a personal loss.","She sold her old phone cheaply, valuing it no more than identical used models.
 Owning the mug did not increase its value compared with store alternatives.
 He judged the product solely by features, ignoring personal ownership."
Pseudo certainty effect,"Avoiding risk when gains seem certain, ignoring overall probabilities.","She chose a guaranteed small prize instead of a larger option with higher expected value.
  Investors avoided minor risks even when probabilities favored better long-term returns.
 People choose a sure $50 discount now over a probabilistic $100 savings later, ignoring expected value.
  Students preferred guaranteed grades rather than risk assessment-based evaluations with higher potential scores.
  Shoppers favored guaranteed coupons over lottery-style promotions with better expected savings.","She chose the option with higher expected value despite uncertain outcomes.
 He accepted some risk after carefully comparing total probabilities.
 They evaluated all possible outcomes instead of focusing on guaranteed gains."
Unit bias,Preferring single units regardless of appropriate quantity.,"He ate the entire giant muffin because it was considered one serving.
  She poured a full glass every time, regardless of how much she actually wanted to drink.
 Students read only one article because assignments framed it as a single required unit.
  Gym members finish one full plate simply because it is served as one portion.
  A person eats the entire large bag of chips because itâs labeled one serving, regardless of portion size.","He adjusted portion size based on hunger rather than eating a fixed unit.
 She split the package to consume an appropriate amount.
 They ignored default units and measured quantities precisely."
Disposition effect,"Selling winning investments early, holding losing ones too long.","He sold profitable stocks quickly to lock gains instead of letting winners grow further.
  She held onto failing shares for years, hoping losses would eventually reverse.
 Traders locked in gains prematurely while refusing to accept losses on declining investments.
 Investors sell winning stocks quickly but hold losing stocks too long, hoping theyâll recover.
  Portfolios stagnated because losses were held too long and gains were cut too early.","She held winning stocks long-term while quickly selling poor investments.
 He rebalanced objectively, ignoring gains or losses.
 Investment decisions were based on future prospects, not past performance."
Zero-risk bias,Preferring complete elimination of small risks over reducing larger risks.,"Parents demanded zero peanut policies despite evidence showing minimal actual allergy risks.
  Cities overfunded extremely rare hazards while ignoring more probable public safety threats.
  Patients chose zero-risk surgeries even when slightly risky alternatives had better outcomes.
  Managers eliminated tiny defects while ignoring larger systemic operational failures.
  Consumers bought unnecessary insurance simply because it promised complete risk elimination.","They preferred reducing major risks instead of eliminating minor ones completely.
 She chose the option with greatest overall risk reduction.
 The policy focused on proportional risk reduction rather than zeroing small threats."
Generation effect,Information remembered better when self-generated.,"Students remembered answers better when they wrote them themselves during practice sessions.
 She recalled self-made flashcards more effectively than information from prewritten notes.
  He memorized song lyrics faster by composing his own melodies.
  Teams remembered ideas better when they brainstormed them collaboratively.
  Kids recalled invented stories more vividly than stories they only read.","He remembered the definition equally well after reading it carefully.
 Listening attentively produced the same recall as self-generating answers.
 Provided examples were remembered without personal generation."
Processing difficulty effect,Harder-to-process information feels more valuable or memorable.,"Blurred slides seemed deeper and more important simply because they required extra effort to understand.
  Complex fonts made simple content feel more intelligent and authoritative to readers.
  Dense articles impressed readers despite offering no additional meaningful insights.
  Messy notes felt more meaningful because they demanded extra cognitive effort to interpret.
  Cryptic quotes sounded profound even when their actual message was vague.","Clear, fluent text felt more trustworthy than complex wording.
 Easy-to-read instructions were judged more useful.
 Simplicity increased confidence rather than reducing perceived value."
IKEA effect,Valuing self-assembled products more than identical preassembled ones.,"People value a wobbly desk they assembled themselves more than a sturdier, store-bought one.
  She loved a handmade shelf more than professionally manufactured alternatives.
  Students favored posters they created together over professionally designed ones.
 Parents cherished childrenâs DIY crafts more than store-bought decorations.
  Gamers valued custom-built characters more than default in-game options.","She preferred the factory-assembled table over the one she built herself.
 Self-assembly did not increase his valuation of the product.
 They valued both versions equally regardless of effort invested."
Loss aversion,Losses feel psychologically stronger than equivalent gains.,"He avoided investing entirely because potential losses felt more painful than possible gains.
 She felt stronger distress losing five dollars than happiness from gaining the same amount.
 Players quit games after small losses but continued after equivalent-sized wins.
  Managers resisted budget cuts more intensely than they celebrated equivalent budget increases.
 Students feared grade drops more than they valued potential grade improvements.","She treated gains and losses symmetrically when making decisions.
 A small loss felt no worse than an equivalent gain felt good.
 Choices were guided by net outcomes, not fear of loss."
Escalation of commitment,Continuing failing actions due to previous investments.,"They continued funding a doomed project because admitting failure would invalidate earlier investments.
  She stayed in a failing relationship because of years already invested emotionally.
  Managers doubled marketing spending to justify earlier unsuccessful campaigns.
  Students stuck with wrong majors because switching felt like wasting previous coursework.
  Teams extended bad contracts rather than admitting the initial decisions were mistakes.","He stopped the project immediately after evidence showed it would fail.
 Past investments did not influence the decision to withdraw.
 They abandoned the plan despite prior effort and expense."
Irrational escalation,Increasing commitment despite evidence of failure.,"She added more money to a scam even after clear warning signs appeared.
  Companies expanded failing branches despite consistent financial losses.
  Students repeated the same ineffective study methods despite poor exam results.
  Gamblers chased losses by betting larger amounts after repeated failures.
  Managers increased investment simply because walking away felt psychologically unbearable.","She reduced commitment once results consistently worsened.
 New evidence prompted disengagement rather than increased investment.
 They accepted failure and redirected resources elsewhere."
Sunk cost fallacy,Persisting because past costs cannot be recovered.,"He finished a terrible movie because he already paid for the ticket.
  She stayed in a boring class because tuition had already been paid.
  Travelers endured awful tours because they prepaid and refused to waste money.
  They keep watching a boring movie because they already paid for the ticket.
  Businesses kept operating unprofitable projects because significant money was already spent.","He quit the course despite already paying the tuition.
 Past expenses were ignored when deciding future actions.
 She walked away once continuing no longer made sense."
Motivated to keep autonomy and status in a group,,,
Status quo bias,Preference for maintaining current conditions even when better alternatives exist.,"People keep default phone settings despite knowing more efficient options exist.
 Voters support existing policies simply because they are familiar.
 Employees stay in inefficient workflows rather than adopting new systems.
 Investors hold losing stocks to avoid changing their portfolios.
 Users resist software updates despite promised performance improvements.","They changed procedures quickly after identifying better alternatives.
 She welcomed reform instead of preserving existing arrangements.
 The group actively sought improvements over current practices."
Social comparison bias,Judging oneself or decisions by comparison with others instead of absolutes.,"Student feels unsuccessful despite high grades because peers scored higher.
 Employee undervalues promotion after comparing salary with coworkers.
 Athlete feels inadequate after comparing performance to elite professionals.
 Person buys luxury goods to match friends' lifestyles.
 Researcher dismisses work because colleagues publish in higher journals.","He evaluated success using personal goals rather than othersâ achievements.
 Decisions were based on absolute standards, not peer comparisons.
 She ignored social rankings when judging her performance."
Decoy effect,Preference shifts toward option made attractive by an inferior comparison.,"Customers choose medium popcorn when overpriced large option is introduced.
 Shoppers select mid-tier subscription after seeing an obviously worse alternative.
 Diners order second-most-expensive wine due to extreme high-priced decoy.
 Consumers prefer bundle once weaker bundle is added.
 Buyers choose premium phone when low-value model is displayed.","Preferences remained stable despite the introduction of inferior options.
 She chose independently of how alternatives were framed.
 The added option did not influence their original choice."
Reverse psychology,Influencing behavior by suggesting the opposite of desired action.,"Parent tells child not to clean room, triggering immediate cleaning.
 Coach doubts player's readiness, motivating improved performance.
 Advertiser discourages purchase to increase perceived desirability.
 Teacher warns assignment is too difficult, increasing student effort.
 Friend suggests skipping event, making others more eager to attend.","Clear instructions produced compliance without suggesting the opposite.
 Direct requests worked better than indirect persuasion.
 They responded positively to straightforward guidance."
Reactance,Resistance arising when individuals feel their freedom of choice threatened.,"Teenagers want forbidden activities more after strict parental bans.
 Employees resist mandatory policies even if beneficial.
 Consumers dislike products heavily pushed by aggressive advertising.
 People reject advice when phrased as commands.
 Students oppose rules limiting expression.","He accepted advice calmly without feeling his freedom threatened.
 Guidelines were followed without resistance or defiance.
 She welcomed recommendations rather than opposing them."
System justification,"Tendency to defend and legitimize existing social, economic, political systems.","Workers justify unfair wages as necessary for economic stability.
 Citizens defend unequal systems as natural or deserved.
 Employees blame themselves instead of flawed organizational structures.
 Marginalized groups accept stereotypes reinforcing existing hierarchies.
 Voters rationalize corruption as unavoidable.","They openly criticized the system instead of defending it.
 Unfair structures were questioned rather than rationalized.
 She supported change over preserving existing institutions."
Favor simple-looking options & complete information,,,
Less-is-better effect,Smaller quantities judged more valuable when evaluated separately from larger ones.,"People prefer one perfect cookie over several imperfect ones.
 Shoppers value a pristine gift set over larger damaged bundle.
 Donors give more to single compelling story than statistics.
 Recruiters favor concise resumes over longer detailed ones.
 Buyers prefer fewer high-quality items.","The larger set was judged more valuable even when evaluated separately.
 He preferred greater quantity regardless of presentation context.
 Value judgments increased consistently with size."
Occam's razor,Preference for simpler explanations when multiple plausible explanations exist.,"Doctor favors common diagnosis over rare disease initially.
 Engineer chooses straightforward design instead of complex alternative.
 Analyst explains trend using fewer assumptions.
 Student solves problem with simplest valid formula.
 Investigator suspects simplest motive first.","They favored a complex explanation supported by strong evidence.
 Multiple interacting causes were accepted despite simplicity.
 The simplest theory was rejected due to poor fit."
Conjunction fallacy,Assuming specific combined events are more probable than single events.,"People believe detailed personality plus job description is more likely.
 Jury assumes suspect committed multiple related crimes.
 Readers judge complex story more realistic than simple explanation.
 Investors expect startup to succeed in multiple ambitious markets.
 Students think specific scenario is likelier than general one.","She correctly judged single events as more probable than combined scenarios.
 Probabilities were calculated using formal statistical reasoning.
 They avoided intuitive but incorrect probability judgments."
Delmore effect,Short tasks perceived longer when broken into multiple segments.,"Workers overestimate time for checklist with many small steps.
 Students dread assignments divided into many subtasks.
 Commuters feel trip longer when counting stops.
 Gamers perceive missions longer when subdivided.
 Runners feel workout longer with segmented intervals.","Breaking the task into steps made it feel shorter.
 Segmented tasks seemed easier and quicker to complete.
 Perceived duration decreased after dividing the work."
Law of Triviality,Disproportionate focus on trivial issues while ignoring important matters.,"Team debates logo color while ignoring system architecture.
 Meeting fixates on formatting instead of strategy.
 Committee argues about parking rather than budget allocation.
 Developers discuss variable names, delaying core logic.
 Board obsesses over minor expenses.","The team focused discussion on critical issues over minor details.
 Time was allocated according to importance, not simplicity.
 Trivial matters were deliberately deprioritized."
Belief bias,Judging arguments by believability rather than logical validity.,"People accept flawed reasoning because conclusion feels true.
 Jurors trust arguments matching personal beliefs.
 Students mark incorrect proofs as correct due to familiar outcomes.
 Readers accept misinformation aligning with prior views.
 Debaters favor agreeable conclusions.","He rejected a believable argument because it was logically invalid.
 Logical structure mattered more than conclusion plausibility.
 She evaluated arguments strictly by formal reasoning."
Bike-shedding effect,Over-discussing minor details while neglecting complex important decisions.,"Team spends hours on UI colors ignoring backend scalability.
 Managers argue font choice instead of project risks.
 Group debates lunch options during critical planning.
 Engineers fixate on comments rather than algorithms.
 Committee discusses naming instead of objectives.","Meetings prioritized complex core decisions over cosmetic details.
 Minor issues were skipped to address major design challenges.
 The team avoided unnecessary discussion of trivial aspects."
Rhyme as reason effect,Rhyming statements perceived as more truthful or persuasive.,"Slogans like no pain no gain feel convincing.
 Rhyming advice is remembered and trusted more.
 Jurors find rhymed arguments more credible.
 Advertisements use rhymes to increase persuasion.
 Proverbs rhyme to sound wise.","A non-rhyming statement was trusted more due to strong evidence.
 Rhyming slogans were dismissed as uninformative.
 Persuasion depended on data, not poetic form."
Information bias,Seeking additional information even when it does not improve decisions.,"Doctors order unnecessary tests despite clear diagnosis.
 Managers request more reports delaying action.
 Students over-research simple assignments.
 Investors seek excessive data before obvious decisions.
 Analysts collect metrics without impact.","She stopped gathering data once it no longer improved decisions.
 Only relevant information was collected before choosing.
 Extra details were ignored to avoid analysis paralysis."
Ambiguity bias,Avoiding options with unknown probabilities in favor of known risks.,"Investors prefer bonds over unfamiliar startups.
 People choose known brands instead of new ones.
 Gamblers avoid games with unclear odds.
 Employees avoid innovative roles with uncertain outcomes.
 Consumers reject unfamiliar technologies.","He chose the option with unknown probabilities after careful evaluation.
 Uncertain risks were accepted when potential benefits were higher.
 They preferred flexibility over familiar but limited options."
